[
  {
    "namespace": "File",
    "description": "Open File APIs",
    "//permissions": ["FileSystem"],
    "types": [],
    "properties": {},
    "events": [],
    "functions": [
      {
        "name": "close",
        "type": "function",
        "async": true,
        "parameters": [
          {
            "name": "file",
            "type": "any"
          }
        ]
      },
      {
        "name": "flush",
        "type": "function",
        "async": true,
        "parameters": [
          {
            "name": "file",
            "type": "any"
          }
        ]
      },
      {
        "name": "stat",
        "type": "function",
        "async": true,
        "parameters": [
          {
            "name": "file",
            "type": "any"
          }
        ]
      },
      {
        "name": "getPosition",
        "type": "function",
        "async": true,
        "parameters": [
          {
            "name": "file",
            "type": "any"
          }
        ]
      },
      {
        "name": "setDates",
        "type": "function",
        "async": true,
        "parameters": [
          {
            "name": "file",
            "type": "any"
          },
          {
            "name": "dates",
            "type": "object",
            "optional": true,
            "properties": {
              "access": {
                "type": "number",
                "optional": true
              },
              "modification": {
                "type": "number",
                "optional": true
              }
            }
          }
        ]
      },
      {
        "name": "read",
        "type": "function",
        "async": true,
        "parameters": [
          {
            "name": "file",
            "type": "any"
          },
          {
            "name": "options",
            "type": "object",
            "optional": true,
            "properties": {
              "position": {
                "type": "number",
                "optional": true
              },
              "size": {
                "type": "number",
                "optional": true
              }
            }
          }
        ]
      },
      {
        "name": "write",
        "type": "function",
        "async": true,
        "parameters": [
          {
            "name": "file",
            "type": "any"
          },
          {
            "name": "content",
            "type": "any"
          },
          {
            "name": "options",
            "type": "object",
            "optional": true,
            "properties": {
              "position": {
                "type": "number",
                "optional": true
              },
              "size": {
                "type": "number",
                "optional": true
              }
            }
          }
        ]
      }
    ]
  },
  {
    "namespace": "FileSystem",
    "description": "FileSystem API",
    "//permissions": ["FileSystem"],
    "types": [
      {
        "id": "MountOptions",
        "type": "object",
        "description":
          "Request to mount specific directory as a virtual FileSystem.",
        "properties": {
          "url": {
            "type": "string",
            "description": "URL to previously mounted directory",
            "optional": true
          },
          "read": {
            "type": "boolean",
            "description": "Request read access",
            "default": true,
            "optional": true
          },
          "write": {
            "type": "boolean",
            "description": "Request write access",
            "default": false,
            "optional": true
          },
          "watch": {
            "type": "boolean",
            "description": "Request watch access",
            "default": false,
            "optional": true
          }
        }
      },
      {
        "id": "OpenMode",
        "description": "The opening mode for the file",
        "type": "object",
        "properties": {
          "read": {
            "description": "If true, the file will be opened for reading",
            "type": "boolean",
            "optional": true
          },
          "write": {
            "description": "If true, the file will be opened for writing.",
            "type": "boolean",
            "default": false,
            "optional": true
          },
          "truncate": {
            "description":
              "If true, the file will be opened for writing. If the file does not exist, it will be created. If the file exists, its contents will be removed. Cannot be used with `create`.",
            "type": "boolean",
            "default": false,
            "optional": true
          },
          "create": {
            "description":
              "If true, file will be opened for writing. The file must not exist. If the file already exists, throw an error. Cannot be used with truncate or existing.",
            "type": "boolean",
            "default": false,
            "optional": true
          },
          "existing": {
            "description":
              "If true, the file must already exist. If the file does not exist, throw an error. Cannot be used with create.",
            "type": "boolean",
            "default": false,
            "optional": true
          },
          "append": {
            "description":
              "If true, the file will be opened for appending. The default is true, i.e. opening a file for appending. Specify append: `false` to open the file in regular mode.",
            "type": "boolean",
            "default": true,
            "optional": true
          }
        }
      },
      {
        "id": "OpenOptions",
        "description":
          "Platform-specific options for opening the file. For advanced users only. Most users will never have need of these options.",
        "type": "object",
        "properties": {
          "unixFlags": {
            "description":
              "(ignored under non-Unix platforms) If specified, file opening flags, as per libc function open. If unspecified, build these flags from the contents of mode.",
            "type": "number",
            "optional": true
          },
          "unixMode": {
            "description":
              "(ignored under non-Unix platforms) If specified, file creation mode, as per libc function open. If unspecified, files are created with a default mode of 0600 (file is private to the user, the user can read and write).",
            "type": "number",
            "optional": true
          },
          "winShare": {
            "description":
              "(ignored under non-Windows platforms) If specified, a sharing policy, as per Windows function CreateFile. If unspecified, files are opened with a default sharing policy (file is not protected against being read/written/removed by another process or another use in the same process).",
            "type": "number",
            "optional": true
          },
          "winSecurity": {
            "description":
              "(ignored under non-Windows platforms) If specified, a security policy, as per Windows function CreateFile. If unspecified, no security attributes",
            "type": "number",
            "optional": true
          },
          "winAccess": {
            "description":
              "(ignored under non-Windows platforms) If specified, access mode, as per Windows function CreateFile. This also requires option winDisposition and this replaces argument mode. If unspecified, value is built from mode.",
            "type": "number",
            "optional": true
          },
          "winDisposition": {
            "description":
              "(ignored under non-Windows platforms) If specified, disposition mode, as per Windows function CreateFile. This also requires option winAccess and this replaces argument mode. If unspecified, value is built from mode.",
            "type": "number",
            "optional": true
          }
        }
      },
      {
        "id": "ReadOptions",
        "type": "object",
        "properties": {
          "position": {
            "type": "number",
            "optional": true
          },
          "size": {
            "type": "number",
            "optional": true
          }
        }
      },
      {
        "id": "WriteOptions",
        "type": "object",
        "properties": {
          "position": {
            "type": "number",
            "optional": true
          },
          "size": {
            "type": "number",
            "optional": true
          }
        }
      },
      {
        "id": "RemoveFileOptions",
        "type": "object",
        "properties": {
          "ignoreAbsent": {
            "type": "boolean",
            "optional": true
          }
        }
      },
      {
        "id": "CopyOptions",
        "type": "object",
        "properties": {
          "ignoreAbsent": {
            "type": "boolean",
            "optional": true
          }
        }
      },
      {
        "id": "MoveOptions",
        "type": "object",
        "properties": {
          "ignoreAbsent": {
            "type": "boolean",
            "optional": true
          },
          "noCopy": {
            "type": "boolean",
            "optional": true
          }
        }
      },
      {
        "id": "WatchOptions",
        "type": "object",
        "properties": {
          "recursive": {
            "type": "boolean",
            "optional": true
          }
        }
      },
      {
        "id": "ReadDirOptions",
        "type": "object",
        "properties": {
          "winPattern": {
            "type": "string",
            "optional": true
          },
          "batch": {
            "type": "number",
            "optional": true
          }
        }
      },
      {
        "id": "Permissions",
        "type": "object",
        "properties": {
          "unixMode": {
            "optional": true,
            "type": "number"
          },
          "unixHonorUmask": {
            "optional": true,
            "type": "boolean"
          },
          "winAttributes": {
            "optional": true,
            "type": "object",
            "properties": {
              "hidden": {
                "type": "boolean",
                "optional": true
              },
              "readOnly": {
                "type": "boolean",
                "optional": true
              },
              "system": {
                "type": "boolean",
                "optional": true
              }
            }
          }
        }
      },
      {
        "id": "Dates",
        "type": "object",
        "properties": {
          "access": {
            "type": "number",
            "optional": true
          },
          "modification": {
            "type": "number",
            "optional": true
          }
        }
      },
      {
        "id": "Stat",
        "type": "object",
        "properties": {
          "isDir": {
            "type": "boolean"
          },
          "isSymLink": {
            "type": "boolean"
          },
          "size": {
            "type": "number"
          },
          "lastAccessDate": {
            "type": "number"
          },
          "lastModificationDate": {
            "type": "number"
          },
          "unixOwner": {
            "optional": true,
            "type": "number"
          },
          "unixGroup": {
            "optional": true,
            "type": "number"
          },
          "unixMode": {
            "optional": true,
            "type": "number"
          },
          "unixLastStatusChangeDate": {
            "optional": true,
            "type": "number"
          },
          "winBirthDate": {
            "optional": true,
            "type": "number"
          },
          "winAttributes": {
            "optional": true,
            "type": "object",
            "properties": {
              "hidden": {
                "type": "boolean"
              },
              "readOnly": {
                "type": "boolean"
              },
              "system": {
                "type": "boolean"
              }
            }
          }
        }
      },
      {
        "id": "Entry",
        "type": "object",
        "properties": {
          "isDir": {
            "type": "boolean"
          },
          "isSymLink": {
            "type": "boolean"
          },
          "url": {
            "type": "string"
          },
          "winLastAccessDate": {
            "type": "number",
            "optional": true
          },
          "winCreationDate": {
            "type": "number",
            "optional": true
          },
          "winLastWriteDate": {
            "type": "number",
            "optional": true
          }
        }
      }
    ],
    "properties": {},
    "events": [],
    "functions": [
      {
        "name": "mount",
        "type": "function",
        "async": true,
        "parameters": [
          {
            "name": "options",
            "type": "object",
            "$ref": "MountOptions"
          }
        ],
        "returns": {
          "type": "object",
          "properties": {
            "url": {
              "type": "string",
              "description": "URL for the mounted filesystem"
            },
            "readable": {
              "type": "boolean",
              "description": "Whether the filesystem is readable"
            },
            "writable": {
              "type": "boolean",
              "description": "Whether the filesystem is writable"
            },
            "watchable": {
              "type": "boolean",
              "description": "Whether the filesystem is watchable"
            }
          }
        }
      },
      {
        "name": "open",
        "type": "function",
        "async": true,
        "parameters": [
          {
            "name": "url",
            "description": "file url to open descriptor for.",
            "type": "string"
          },
          {
            "name": "mode",
            "description": "The opening mode for the file",
            "type": "object",
            "$ref": "OpenMode"
          },
          {
            "name": "options",
            "description":
              "Platform-specific options for opening the file. For advanced users only. Most users will never have need of these options.",
            "optional": true,
            "type": "object",
            "$ref": "OpenOptions"
          }
        ]
      },
      {
        "name": "stat",
        "type": "function",
        "async": true,
        "parameters": [
          {
            "name": "url",
            "type": "string"
          }
        ]
      },
      {
        "name": "setDates",
        "type": "function",
        "async": true,
        "parameters": [
          {
            "name": "url",
            "type": "string"
          },
          {
            "name": "dates",
            "type": "object",
            "optional": true,
            "$ref": "Dates"
          }
        ]
      },
      {
        "name": "readFile",
        "type": "function",
        "async": true,
        "parameters": [
          {
            "name": "url",
            "type": "string"
          },
          {
            "name": "options",
            "type": "object",
            "optional": true,
            "$ref": "ReadOptions"
          }
        ]
      },
      {
        "name": "writeFile",
        "type": "function",
        "async": true,
        "parameters": [
          {
            "name": "url",
            "type": "string"
          },
          {
            "name": "content",
            "type": "any"
          },
          {
            "name": "options",
            "type": "object",
            "optional": true,
            "$ref": "WriteOptions"
          }
        ]
      },
      {
        "name": "removeFile",
        "type": "function",
        "async": true,
        "parameters": [
          {
            "name": "url",
            "type": "string"
          },
          {
            "name": "options",
            "optional": true,
            "type": "object",
            "$ref": "RemoveFileOptions"
          }
        ]
      },
      {
        "name": "setPermissions",
        "type": "function",
        "async": true,
        "parameters": [
          {
            "name": "url",
            "type": "string"
          },
          {
            "name": "options",
            "type": "object",
            "$ref": "Permissions"
          }
        ]
      },
      {
        "name": "copy",
        "type": "function",
        "async": true,
        "parameters": [
          {
            "name": "from",
            "type": "string"
          },
          {
            "name": "to",
            "type": "string"
          },
          {
            "name": "options",
            "type": "object",
            "optional": true,
            "$ref": "CopyOptions"
          }
        ]
      },
      {
        "name": "move",
        "type": "function",
        "async": true,
        "parameters": [
          {
            "name": "from",
            "type": "string"
          },
          {
            "name": "to",
            "type": "string"
          },
          {
            "name": "options",
            "type": "object",
            "optional": true,
            "$ref": "MoveOptions"
          }
        ]
      },
      {
        "name": "createSymbolicLink",
        "type": "function",
        "async": true,
        "parameters": [
          {
            "name": "from",
            "type": "string"
          },
          {
            "name": "to",
            "type": "string"
          }
        ]
      },
      {
        "name": "exists",
        "type": "function",
        "async": true,
        "parameters": [
          {
            "name": "url",
            "type": "string"
          }
        ]
      },
      {
        "name": "watch",
        "type": "function",
        "async": true,
        "parameters": [
          {
            "name": "url",
            "type": "string"
          },
          {
            "name": "options",
            "type": "object",
            "optional": "true",
            "$ref": "WatchOptions"
          }
        ]
      },
      {
        "name": "createDirectory",
        "type": "function",
        "async": true,
        "parameters": [
          {
            "name": "url",
            "type": "string"
          },
          {
            "name": "options",
            "type": "object",
            "optional": "true",
            "$ref": "CreateDirOptions"
          }
        ]
      },
      {
        "name": "removeDirectory",
        "type": "function",
        "async": true,
        "parameters": [
          {
            "name": "url",
            "type": "string"
          },
          {
            "name": "options",
            "type": "object",
            "optional": "true",
            "$ref": "RemoveDirOptions"
          }
        ]
      },
      {
        "name": "readDirectory",
        "type": "function",
        "async": true,
        "parameters": [
          {
            "name": "url",
            "type": "string"
          },
          {
            "name": "options",
            "type": "object",
            "optional": "true",
            "$ref": "ReadDirOptions"
          }
        ]
      }
    ]
  }
]
